VUS_ID	#UniProt ID	#PDB ID	#Chain	#PosInUni	#PosInPDB	#Orig	#Mutant	#KnownType	#Clash(orig/wil/wtr/mut)	#Torsion(wil/wtr/mut)	#Cis-Pro#	#CoreResidue	#Disulphide[2.3]	#Disulphide[3.3]	#B_Salt[4.0]	#B_Salt[5.0]	#B_Hbond[2.9]	#B_Hbond[3.9]	#ACC (wil/mut)	#Hydrophobicity (wil/Mut)	#Charge (wil/mut)	#Secondary Structure(wil/mut)	#Cavity
ATP6V0A4_p.Ser544Leu	PDB	af-q9hbg4-f1-model_v4	A	-	544	SER	LEU	-		Favored/Favored/	N|-179.412	Y	pass/N/0/0/	pass/N/0/0/	pass/N/0/0/Y//	pass/N/0/0/Y//	error/R/2/4/85/83/Y/A0544-SER OG  A0541-MET O   2.57 SM |/	error/R/2/4/253/251/Y/A0544-SER OG  A0540-LYS O   3.56 SM |A0544-SER OG  A0541-MET O   2.57 SM |/	0.015385/buried/0.018293/buried	neutral/hydrophobic	no_charge/no_charge	H  X S+  /H  X S+  	wilinterface:KBQ|mutinterface:KBQ|wilcavity:115.992,2806.92|mutcavity:117.504,2850.768
ATP6V1B1_p.Arg114Gln	PDB	atp6v1b1_af-p15313-f1-model_v4	A	-	114	ARG	GLN	-		Favored/Favored/	N|171.359	N	pass/N/0/0/	pass/N/0/0/	pass/R/0/2/N/ASP A 111 .   ARG A 114        . OD1  NE       3.627 |ASP A 111 .   ARG A 114        . OD1  NH1      3.586 |ASP A 111 .   ARG A 114        . OD2  NE       2.513 |ASP A 111 .   ARG A 114        . OD2  NH1      3.196 |/	pass/R/0/2/N/ASP A 111 .   ARG A 114        . OD1  NE       3.627 |ASP A 111 .   ARG A 114        . OD1  NH1      3.586 |ASP A 111 .   ARG A 114        . OD2  NE       2.513 |ASP A 111 .   ARG A 114        . OD2  NH1      3.196 |ASP A 111 .   ARG A 114        . OD2  NH2      4.374 |/	error/R/0/1/78/77/N/A0114-ARG NE  A0111-ASP OD2 2.51 SS |/	pass/R/0/1/247/244/N/A0114-ARG NE  A0111-ASP OD2 2.51 SS |A0114-ARG NH1 A0111-ASP OD2 3.20 SS |A0114-ARG NH2 A0144-PHE O   3.70 SM |/	0.342742/exposed/0.328283/exposed	hydrophilic/hydrophilic	charge/no_charge	E     -G /E     -G 	wilinterface:KAU|mutinterface:KAV|wilcavity:401.112,1482.192|mutcavity:227.232,1456.272
ATP6V1B1_p.Leu51Arg	PDB	atp6v1b1_af-p15313-f1-model_v4	A	-	51	LEU	ARG	-		Favored/Favored/	N|-171.747	N	pass/N/0/0/	pass/N/0/0/	pass/N/0/0/N/GLU A 447 .   LYS A 451        . OE1  NZ       2.875 |/GLU A 447 .   LYS A 451        . OE1  NZ       2.875 |	pass/A/1/0/N/GLU A 447 .   LYS A 451        . OE1  NZ       2.875 |/GLU A  82 .   ARG A  51        . OE2  NH1      4.667 |GLU A 447 .   LYS A 451        . OE1  NZ       2.875 |	pass/N/0/0/78/78/N//	error/A/4/0/247/250/N//A0051-ARG NH2 A0307-ALA O   3.59 SM |	0.091463/exposed/0.129032/exposed	hydrophobic/hydrophilic	no_charge/charge	E <   -BC/E <   -BC	wilinterface:KAR|mutinterface:KAP|wilcavity:401.112,1482.192|mutcavity:401.112,1474.2
AVPR2_p.Arg248His	PDB	avpr2_af-p30518-f1-model_v4	A	-	248	ARG	HIS	-	0.00/0.00/0.00/0.00/N/ok	Favored/Favored/	N|156.490	N	pass/N/0/0/	pass/N/0/0/	pass/N/0/0/N//	pass/N/0/0/N//	error/N/0/0/38/38/N//	error/N/0/0/112/112/N//	0.963710/exposed/0.989130/exposed	hydrophilic/hydrophilic	charge/charge	      -  /      -  	wilinterface:|mutinterface:|wilcavity:0.0,0.0|mutcavity:0.0,0.0
CASR_p.Ser713Asn	PDB	af-p41180-f1-model_v4	A	-	713	SER	ASN	-		Allowed/Allowed/	N|156.941	N	pass/N/0/0/	pass/N/0/0/	pass/N/0/0/N//	pass/N/0/0/N//	pass/N/0/0/169/169/N//	pass/N/0/0/443/443/N//	0.861538/exposed/0.910828/exposed	neutral/hydrophilic	no_charge/no_charge	S    S-  /S    S-  	wilinterface:|mutinterface:|wilcavity:0.0,0.0|mutcavity:0.0,0.0
CLCN7_p.Asp603Tyr	PDB	clcn7_af-p51798-f1-model_v4	A	-	603	ASP	TYR	-	0.00/21.26/22.83/21.97/N/ok	Favored/Favored/	N|178.282	N	pass/N/0/0/	pass/N/0/0/	error/R/1/2/N/ASP A 603 .   LYS A 210        . OD1  NZ       2.646 |ASP A 603 .   LYS A 210        . OD2  NZ       3.847 |/	pass/R/1/2/N/ASP A 603 .   LYS A 210        . OD1  NZ       2.646 |ASP A 603 .   LYS A 210        . OD2  NZ       3.847 |/	error/R/1/1/101/101/N/A0210-LYS NZ  A0603-ASP OD1 2.65 SS |/	error/R/0/1/282/281/N/A0210-LYS NZ  A0603-ASP OD1 2.65 SS |/	0.233129/exposed/0.261261/exposed	hydrophilic/neutral	charge/no_charge	H  > S+  /H  > S+  	wilinterface:KAW|mutinterface:KBB|wilcavity:369.144,4890.888|mutcavity:369.144,4822.2
DLL1_p.Thr203Ala	PDB	dll1_af-o00548-f1-model_v4	A	-	203	THR	ALA	-		Favored/Favored/	N|166.015	N	pass/N/0/0/	pass/N/0/0/	pass/N/0/0/N//	pass/N/0/0/N//	pass/N/0/0/77/77/N//	error/R/0/2/226/224/N/A0203-THR N   A0213-ASN OD1 3.71 MS |A0203-THR OG1 A0211-VAL O   3.45 SM |/	0.507042/exposed/0.405660/exposed	neutral/hydrophobic	no_charge/no_charge	E     - K/E     - K	wilinterface:|mutinterface:|wilcavity:0.0,0.0|mutcavity:0.0,0.0
INVS_p.Ala763Thr	PDB	invs_af-q9y283-f1-model_v4	A	-	763	ALA	THR	-	13.25/24.24/66.67/59.17/N/moreclash	OUTLIER/OUTLIER/	N|79.111	N	pass/N/0/0/	pass/N/0/0/	pass/N/0/0/N//	pass/N/0/0/N//	pass/N/0/0/183/183/N//	pass/N/0/0/429/429/N//	0.830189/exposed/0.838028/exposed	hydrophobic/neutral	no_charge/no_charge	      +  /      +  	wilinterface:|mutinterface:|wilcavity:0.0,0.0|mutcavity:0.0,0.0
PHEX_p.Ala15Thr	PDB	phex_af-p78562-f1-model_v4	A	-	15	ALA	THR	-	0.00/3.15/3.15/3.12/Y/ok	Favored/Favored/	N|170.308	N	pass/N/0/0/	pass/N/0/0/	pass/N/0/0/N/ASP A 152 .   ARG A 381        . OD1  NE       2.640 |ASP A 152 .   ARG A 381        . OD1  NH1      3.575 |ASP A 152 .   ARG A 381        . OD2  NE       3.278 |ASP A 152 .   ARG A 381        . OD2  NH1      2.798 |/ASP A 152 .   ARG A 381        . OD1  NE       2.640 |ASP A 152 .   ARG A 381        . OD1  NH1      3.575 |ASP A 152 .   ARG A 381        . OD2  NE       3.278 |ASP A 152 .   ARG A 381        . OD2  NH1      2.798 |	pass/N/0/0/N/ASP A 152 .   ARG A 381        . OD1  NE       2.640 |ASP A 152 .   ARG A 381        . OD1  NH1      3.575 |ASP A 152 .   ARG A 381        . OD1  NH2      4.766 |ASP A 152 .   ARG A 381        . OD2  NE       3.278 |ASP A 152 .   ARG A 381        . OD2  NH1      2.798 |ASP A 152 .   ARG A 381        . OD2  NH2      4.545 |/ASP A 152 .   ARG A 381        . OD1  NE       2.640 |ASP A 152 .   ARG A 381        . OD1  NH1      3.575 |ASP A 152 .   ARG A 381        . OD1  NH2      4.766 |ASP A 152 .   ARG A 381        . OD2  NE       3.278 |ASP A 152 .   ARG A 381        . OD2  NH1      2.798 |ASP A 152 .   ARG A 381        . OD2  NH2      4.545 |	pass/N/0/0/145/145/N//	error/N/1/1/429/429/N//	0.556604/exposed/0.485915/exposed	hydrophobic/neutral	no_charge/no_charge	      -  /      -  	wilinterface:KBA|mutinterface:KBA|wilcavity:381.672,1918.944|mutcavity:381.672,1918.944
SLC4A1_p.Asp902Val	PDB	af-p02730-f1-model_v4	A	-	902	ASP	VAL	-	0.00/14.32/18.23/18.13/N/ok	Favored/Favored/	N|179.277	N	pass/N/0/0/	pass/N/0/0/	pass/R/0/2/N/ASP A 902 .   ARG A 602        . OD1  NH1      3.448 |ASP A 902 .   ARG A 602        . OD2  NH1      3.028 |/	error/R/0/4/N/ASP A 902 .   ARG A 602        . OD1  NH1      3.448 |ASP A 902 .   ARG A 602        . OD1  NH2      4.906 |ASP A 902 .   ARG A 602        . OD2  NH1      3.028 |ASP A 902 .   ARG A 602        . OD2  NH2      4.579 |/	pass/N/0/0/138/138/N//	error/R/0/1/364/362/N/A0602-ARG NH1 A0902-ASP OD2 3.03 SS |/	0.337423/exposed/0.281690/exposed	hydrophilic/hydrophobic	charge/no_charge	  >>  -  /  >>  -  	wilinterface:KAM|mutinterface:KAL|wilcavity:846.72,6378.696|mutcavity:827.496,6379.56
SLC34A1_p.Leu519Arg	PDB	slc34a1_af-q06495-f1-model_v4	A	-	519	LEU	ARG	-	0.00/17.62/18.76/17.01/N/ok	Favored/Favored/	N|176.869	N	pass/N/0/0/	pass/N/0/0/	pass/N/0/0/N//	pass/N/0/0/N//	pass/N/0/0/62/62/N//	pass/N/0/0/197/197/N//	0.176829/exposed/0.338710/exposed	hydrophobic/hydrophilic	no_charge/charge	H  X S+  /H  X S+  	wilinterface:|mutinterface:KAD|wilcavity:0.0,0.0|mutcavity:8.208,2429.568
TMEM67_p.Leu437Phe	PDB	tmem67_af-q5hya8-f1-model_v4	A	-	437	LEU	PHE	-	0.00/18.08/17.53/23.55/N/moreclash	Favored/Favored/	N|168.268	Y	pass/N/0/0/	pass/N/0/0/	pass/N/0/0/Y//	pass/N/0/0/Y//	error/N/1/0/159/159/Y//	error/S/0/1/465/465/Y/A0437-LEU N   A0428-ASN OD1 2.93 MS |A0428-ASN ND2 A0437-LEU O   3.13 SM |/A0437-PHE N   A0428-ASN OD1 2.93 MS |A0428-ASN ND2 A0437-PHE O   3.13 SM |	0.079268/buried/0.065990/buried	hydrophobic/hydrophobic	no_charge/no_charge	      -  /      -  	wilinterface:KBK|mutinterface:KBK|wilcavity:223.992,3298.536|mutcavity:116.856,3262.248
TRIM8_p.Pro543Gln	PDB	trim8_af-q9bzr9-f1-model_v4	A	-	543	PRO	GLN	-	4.98/10.00/10.00/9.85/Y/ok	Favored/Favored/	N|-174.940	N	pass/N/0/0/	pass/N/0/0/	pass/N/0/0/N//	pass/N/0/0/N//	pass/N/0/0/38/38/N//	pass/A/2/0/170/171/N//A0543-GLN NE2 A0541-GLY O   3.62 SM |	0.698529/exposed/0.757576/exposed	neutral/hydrophilic	no_charge/no_charge	      -  /      -  	wilinterface:|mutinterface:|wilcavity:0.0,0.0|mutcavity:0.0,0.0
